{"cameraMode":{"drawMode":0,"name":"Shaded","section":"Shading Mode"},"sceneLighting":true,"audioPlay":false,"sceneViewState":{"showFog":true,"showMaterialUpdate":true,"showSkybox":true,"showFlares":true,"showImageEffects":true,"showParticleSystems":true},"in2DMode":false,"pivot":{"x":96.9078140258789,"y":19.022159576416017,"z":142.6346893310547},"rotation":{"x":0.005739960819482803,"y":-0.979682445526123,"z":0.03435375913977623,"w":0.1999448835849762},"size":17.193552017211915,"orthographic":false}